<?xml version="1.0" encoding="UTF-8"?>
<GenRun Id="impl_1" LaunchPart="xc7a100tcsg324-1" LaunchTime="1647871883">
  <File Type="ROUTE-PWR" Name="ALU6bit_power_routed.rpt"/>
  <File Type="PA-TCL" Name="ALU6bit.tcl"/>
  <File Type="ROUTE-PWR-SUM" Name="ALU6bit_power_summary_routed.pb"/>
  <File Type="REPORTS-TCL" Name="ALU6bit_reports.tcl"/>
  <File Type="BITSTR-MSK" Name="ALU6bit.msk"/>
  <File Type="ROUTE-CLK" Name="ALU6bit_clock_utilization_routed.rpt"/>
  <File Type="RDI-RDI" Name="ALU6bit.vdi"/>
  <File Type="BG-BIT" Name="ALU6bit.bit"/>
  <File Type="BG-DRC" Name="ALU6bit.drc"/>
  <File Type="BG-BGN" Name="ALU6bit.bgn"/>
  <File Type="BG-BIN" Name="ALU6bit.bin"/>
  <File Type="BITSTR-RBT" Name="ALU6bit.rbt"/>
  <File Type="BITSTR-NKY" Name="ALU6bit.nky"/>
  <File Type="BITSTR-BMM" Name="ALU6bit_bd.bmm"/>
  <File Type="BITSTR-MMI" Name="ALU6bit.mmi"/>
  <File Type="ROUTE-METHODOLOGY-DRC" Name="ALU6bit_methodology_drc_routed.rpt"/>
  <File Type="BITSTR-SYSDEF" Name="ALU6bit.sysdef"/>
  <File Type="BITSTR-LTX" Name="debug_nets.ltx"/>
  <File Type="BITSTR-LTX" Name="ALU6bit.ltx"/>
  <File Type="WBT-USG" Name="usage_statistics_webtalk.html"/>
  <File Type="OPT-DRC" Name="ALU6bit_drc_opted.rpt"/>
  <File Type="OPT-HWDEF" Name="ALU6bit.hwdef"/>
  <File Type="PLACE-IO" Name="ALU6bit_io_placed.rpt"/>
  <File Type="PLACE-UTIL" Name="ALU6bit_utilization_placed.rpt"/>
  <File Type="PLACE-UTIL-PB" Name="ALU6bit_utilization_placed.pb"/>
  <File Type="PLACE-CTRL" Name="ALU6bit_control_sets_placed.rpt"/>
  <File Type="PLACE-PRE-SIMILARITY" Name="ALU6bit_incremental_reuse_pre_placed.rpt"/>
  <File Type="ROUTE-DRC" Name="ALU6bit_drc_routed.rpt"/>
  <File Type="ROUTE-DRC-PB" Name="ALU6bit_drc_routed.pb"/>
  <File Type="ROUTE-PWR-RPX" Name="ALU6bit_power_routed.rpx"/>
  <File Type="ROUTE-STATUS" Name="ALU6bit_route_status.rpt"/>
  <File Type="ROUTE-STATUS-PB" Name="ALU6bit_route_status.pb"/>
  <File Type="ROUTE-DCP" Name="ALU6bit_routed.dcp"/>
  <File Type="ROUTE-ERROR-DCP" Name="ALU6bit_routed_error.dcp"/>
  <File Type="ROUTE-BLACKBOX-DCP" Name="ALU6bit_routed_bb.dcp"/>
  <File Type="ROUTE-TIMINGSUMMARY" Name="ALU6bit_timing_summary_routed.rpt"/>
  <File Type="ROUTE-TIMING-PB" Name="ALU6bit_timing_summary_routed.pb"/>
  <File Type="ROUTE-TIMING-RPX" Name="ALU6bit_timing_summary_routed.rpx"/>
  <File Type="ROUTE-BUS-SKEW" Name="ALU6bit_bus_skew_routed.rpt"/>
  <File Type="ROUTE-BUS-SKEW-PB" Name="ALU6bit_bus_skew_routed.pb"/>
  <File Type="ROUTE-BUS-SKEW-RPX" Name="ALU6bit_bus_skew_routed.rpx"/>
  <File Type="OPT-DCP" Name="ALU6bit_opt.dcp"/>
  <File Type="PLACE-DCP" Name="ALU6bit_placed.dcp"/>
  <File Type="PWROPT-DCP" Name="ALU6bit_pwropt.dcp"/>
  <File Type="POSTPLACE-PWROPT-DCP" Name="ALU6bit_postplace_pwropt.dcp"/>
  <File Type="PHYSOPT-DCP" Name="ALU6bit_physopt.dcp"/>
  <File Type="POSTROUTE-PHYSOPT-DCP" Name="ALU6bit_postroute_physopt.dcp"/>
  <File Type="POSTROUTE-PHYSOPT-BLACKBOX-DCP" Name="ALU6bit_postroute_physopt_bb.dcp"/>
  <File Type="ROUTE-METHODOLOGY-DRC-PB" Name="ALU6bit_methodology_drc_routed.pb"/>
  <File Type="ROUTE-DRC-RPX" Name="ALU6bit_drc_routed.rpx"/>
  <File Type="ROUTE-METHODOLOGY-DRC-RPX" Name="ALU6bit_methodology_drc_routed.rpx"/>
  <File Type="PDI-FILE" Name="ALU6bit.pdi"/>
  <File Type="RCFI_FILE" Name="ALU6bit.rcfi"/>
  <File Type="CFI_FILE" Name="ALU6bit.cfi"/>
  <File Type="RNPI_FILE" Name="ALU6bit.rnpi"/>
  <File Type="NPI_FILE" Name="ALU6bit.npi"/>
  <File Type="RBD_FILE" Name="ALU6bit.rbd"/>
  <FileSet Name="sources" Type="DesignSrcs" RelSrcDir="$PSRCDIR/sources_1" RelGenDir="$PGENDIR/sources_1">
    <Filter Type="Srcs"/>
    <File Path="$PSRCDIR/sources_1/new/ALU6bit.v">
      <FileInfo>
        <Attr Name="UsedIn" Val="synthesis"/>
        <Attr Name="UsedIn" Val="implementation"/>
        <Attr Name="UsedIn" Val="simulation"/>
      </FileInfo>
    </File>
    <Config>
      <Option Name="DesignMode" Val="RTL"/>
      <Option Name="TopModule" Val="ALU6bit"/>
      <Option Name="TopAutoSet" Val="TRUE"/>
    </Config>
  </FileSet>
  <FileSet Name="constrs_in" Type="Constrs" RelSrcDir="$PSRCDIR/constrs_1">
    <Filter Type="Constrs"/>
    <File Path="$PSRCDIR/constrs_1/new/lab102.xdc">
      <FileInfo>
        <Attr Name="UsedIn" Val="synthesis"/>
        <Attr Name="UsedIn" Val="implementation"/>
      </FileInfo>
    </File>
    <Config>
      <Option Name="ConstrsType" Val="XDC"/>
    </Config>
  </FileSet>
  <FileSet Name="utils" Type="Utils" RelSrcDir="$PSRCDIR/utils_1">
    <Filter Type="Utils"/>
    <Config>
      <Option Name="TopAutoSet" Val="TRUE"/>
    </Config>
  </FileSet>
  <Strategy Version="1" Minor="2">
    <StratHandle Name="Vivado Implementation Defaults" Flow="Vivado Implementation 2021"/>
    <Step Id="init_design"/>
    <Step Id="opt_design"/>
    <Step Id="power_opt_design"/>
    <Step Id="place_design"/>
    <Step Id="post_place_power_opt_design"/>
    <Step Id="phys_opt_design"/>
    <Step Id="route_design"/>
    <Step Id="post_route_phys_opt_design"/>
    <Step Id="write_bitstream"/>
    <Step Id="write_device_image"/>
  </Strategy>
</GenRun>
