<?xml version="1.0" encoding="UTF-8"?>
<GenRun Id="instruction_mem_synth_1" LaunchPart="xc7a100tcsg324-1" LaunchTime="1653524102">
  <File Type="PA-TCL" Name="instruction_mem.tcl"/>
  <File Type="RDS-PROPCONSTRS" Name="instruction_mem_drc_synth.rpt"/>
  <File Type="REPORTS-TCL" Name="instruction_mem_reports.tcl"/>
  <File Type="RDS-RDS" Name="instruction_mem.vds"/>
  <File Type="RDS-UTIL" Name="instruction_mem_utilization_synth.rpt"/>
  <File Type="RDS-UTIL-PB" Name="instruction_mem_utilization_synth.pb"/>
  <File Type="RDS-DCP" Name="instruction_mem.dcp"/>
  <File Type="VDS-TIMINGSUMMARY" Name="instruction_mem_timing_summary_synth.rpt"/>
  <File Type="VDS-TIMING-PB" Name="instruction_mem_timing_summary_synth.pb"/>
  <FileSet Name="sources" Type="BlockSrcs" RelSrcDir="$PSRCDIR/instruction_mem">
    <File Path="$PSRCDIR/sources_1/ip/instruction_mem/instruction_mem.xci">
      <FileInfo>
        <Attr Name="UsedIn" Val="synthesis"/>
        <Attr Name="UsedIn" Val="implementation"/>
        <Attr Name="UsedIn" Val="simulation"/>
      </FileInfo>
    </File>
    <Config>
      <Option Name="TopModule" Val="instruction_mem"/>
      <Option Name="UseBlackboxStub" Val="1"/>
    </Config>
  </FileSet>
  <FileSet Name="constrs_in" Type="BlockSrcs" RelSrcDir="$PSRCDIR/instruction_mem">
    <File Path="$PSRCDIR/sources_1/ip/instruction_mem/instruction_mem.xci">
      <FileInfo>
        <Attr Name="UsedIn" Val="synthesis"/>
        <Attr Name="UsedIn" Val="implementation"/>
        <Attr Name="UsedIn" Val="simulation"/>
      </FileInfo>
    </File>
    <Config>
      <Option Name="TopModule" Val="instruction_mem"/>
      <Option Name="UseBlackboxStub" Val="1"/>
    </Config>
  </FileSet>
  <FileSet Name="utils" Type="Utils" RelSrcDir="$PSRCDIR/utils_1">
    <Filter Type="Utils"/>
    <File Path="$PSRCDIR/utils_1/imports/synth_1/cpu.dcp">
      <FileInfo>
        <Attr Name="UsedIn" Val="synthesis"/>
        <Attr Name="UsedIn" Val="implementation"/>
        <Attr Name="UsedInSteps" Val="synth_1"/>
        <Attr Name="AutoDcp" Val="1"/>
      </FileInfo>
    </File>
    <Config>
      <Option Name="TopAutoSet" Val="TRUE"/>
    </Config>
  </FileSet>
  <Strategy Version="1" Minor="2">
    <StratHandle Name="Vivado Synthesis Defaults" Flow="Vivado Synthesis 2021"/>
    <Step Id="synth_design"/>
  </Strategy>
</GenRun>
