<?xml version="1.0" encoding="UTF-8"?>
<GenRun Id="impl_1" LaunchPart="xc7a100tcsg324-1" LaunchTime="1653524102">
  <File Type="ROUTE-PWR" Name="motherboard_power_routed.rpt"/>
  <File Type="PA-TCL" Name="motherboard.tcl"/>
  <File Type="BITSTR-MMI" Name="motherboard.mmi"/>
  <File Type="OPT-METHODOLOGY-DRC" Name="motherboard_methodology_drc_opted.rpt"/>
  <File Type="INIT-TIMING" Name="motherboard_timing_summary_init.rpt"/>
  <File Type="ROUTE-PWR-SUM" Name="motherboard_power_summary_routed.pb"/>
  <File Type="REPORTS-TCL" Name="motherboard_reports.tcl"/>
  <File Type="OPT-TIMING" Name="motherboard_timing_summary_opted.rpt"/>
  <File Type="OPT-DCP" Name="motherboard_opt.dcp"/>
  <File Type="OPT-DRC" Name="motherboard_drc_opted.rpt"/>
  <File Type="OPT-HWDEF" Name="motherboard.hwdef"/>
  <File Type="PWROPT-DCP" Name="motherboard_pwropt.dcp"/>
  <File Type="PWROPT-DRC" Name="motherboard_drc_pwropted.rpt"/>
  <File Type="PWROPT-TIMING" Name="motherboard_timing_summary_pwropted.rpt"/>
  <File Type="PLACE-DCP" Name="motherboard_placed.dcp"/>
  <File Type="PLACE-IO" Name="motherboard_io_placed.rpt"/>
  <File Type="PLACE-CLK" Name="motherboard_clock_utilization_placed.rpt"/>
  <File Type="PLACE-UTIL" Name="motherboard_utilization_placed.rpt"/>
  <File Type="PLACE-UTIL-PB" Name="motherboard_utilization_placed.pb"/>
  <File Type="PLACE-CTRL" Name="motherboard_control_sets_placed.rpt"/>
  <File Type="PLACE-SIMILARITY" Name="motherboard_incremental_reuse_placed.rpt"/>
  <File Type="PLACE-PRE-SIMILARITY" Name="motherboard_incremental_reuse_pre_placed.rpt"/>
  <File Type="BG-BIN" Name="motherboard.bin"/>
  <File Type="PLACE-TIMING" Name="motherboard_timing_summary_placed.rpt"/>
  <File Type="POSTPLACE-PWROPT-DCP" Name="motherboard_postplace_pwropt.dcp"/>
  <File Type="BITSTR-MSK" Name="motherboard.msk"/>
  <File Type="POSTPLACE-PWROPT-TIMING" Name="motherboard_timing_summary_postplace_pwropted.rpt"/>
  <File Type="PHYSOPT-DCP" Name="motherboard_physopt.dcp"/>
  <File Type="PHYSOPT-DRC" Name="motherboard_drc_physopted.rpt"/>
  <File Type="BITSTR-RBT" Name="motherboard.rbt"/>
  <File Type="PHYSOPT-TIMING" Name="motherboard_timing_summary_physopted.rpt"/>
  <File Type="ROUTE-ERROR-DCP" Name="motherboard_routed_error.dcp"/>
  <File Type="ROUTE-DCP" Name="motherboard_routed.dcp"/>
  <File Type="ROUTE-BLACKBOX-DCP" Name="motherboard_routed_bb.dcp"/>
  <File Type="ROUTE-DRC" Name="motherboard_drc_routed.rpt"/>
  <File Type="ROUTE-DRC-PB" Name="motherboard_drc_routed.pb"/>
  <File Type="ROUTE-DRC-RPX" Name="motherboard_drc_routed.rpx"/>
  <File Type="ROUTE-METHODOLOGY-DRC" Name="motherboard_methodology_drc_routed.rpt"/>
  <File Type="ROUTE-METHODOLOGY-DRC-RPX" Name="motherboard_methodology_drc_routed.rpx"/>
  <File Type="ROUTE-METHODOLOGY-DRC-PB" Name="motherboard_methodology_drc_routed.pb"/>
  <File Type="ROUTE-PWR-RPX" Name="motherboard_power_routed.rpx"/>
  <File Type="ROUTE-STATUS" Name="motherboard_route_status.rpt"/>
  <File Type="ROUTE-STATUS-PB" Name="motherboard_route_status.pb"/>
  <File Type="ROUTE-TIMINGSUMMARY" Name="motherboard_timing_summary_routed.rpt"/>
  <File Type="ROUTE-TIMING-PB" Name="motherboard_timing_summary_routed.pb"/>
  <File Type="ROUTE-TIMING-RPX" Name="motherboard_timing_summary_routed.rpx"/>
  <File Type="ROUTE-SIMILARITY" Name="motherboard_incremental_reuse_routed.rpt"/>
  <File Type="ROUTE-CLK" Name="motherboard_clock_utilization_routed.rpt"/>
  <File Type="ROUTE-BUS-SKEW" Name="motherboard_bus_skew_routed.rpt"/>
  <File Type="ROUTE-BUS-SKEW-PB" Name="motherboard_bus_skew_routed.pb"/>
  <File Type="ROUTE-BUS-SKEW-RPX" Name="motherboard_bus_skew_routed.rpx"/>
  <File Type="POSTROUTE-PHYSOPT-DCP" Name="motherboard_postroute_physopt.dcp"/>
  <File Type="POSTROUTE-PHYSOPT-BLACKBOX-DCP" Name="motherboard_postroute_physopt_bb.dcp"/>
  <File Type="POSTROUTE-PHYSOPT-TIMING" Name="motherboard_timing_summary_postroute_physopted.rpt"/>
  <File Type="POSTROUTE-PHYSOPT-TIMING-PB" Name="motherboard_timing_summary_postroute_physopted.pb"/>
  <File Type="POSTROUTE-PHYSOPT-TIMING-RPX" Name="motherboard_timing_summary_postroute_physopted.rpx"/>
  <File Type="POSTROUTE-PHYSOPT-BUS-SKEW" Name="motherboard_bus_skew_postroute_physopted.rpt"/>
  <File Type="BG-BIT" Name="motherboard.bit"/>
  <File Type="POSTROUTE-PHYSOPT-BUS-SKEW-PB" Name="motherboard_bus_skew_postroute_physopted.pb"/>
  <File Type="POSTROUTE-PHYSOPT-BUS-SKEW-RPX" Name="motherboard_bus_skew_postroute_physopted.rpx"/>
  <File Type="BITSTR-NKY" Name="motherboard.nky"/>
  <File Type="BITSTR-BMM" Name="motherboard_bd.bmm"/>
  <File Type="PDI-FILE" Name="motherboard.pdi"/>
  <File Type="RCFI_FILE" Name="motherboard.rcfi"/>
  <File Type="CFI_FILE" Name="motherboard.cfi"/>
  <File Type="RNPI_FILE" Name="motherboard.rnpi"/>
  <File Type="NPI_FILE" Name="motherboard.npi"/>
  <File Type="RBD_FILE" Name="motherboard.rbd"/>
  <File Type="BITSTR-LTX" Name="debug_nets.ltx"/>
  <File Type="BITSTR-LTX" Name="motherboard.ltx"/>
  <File Type="BITSTR-SYSDEF" Name="motherboard.sysdef"/>
  <File Type="BG-BGN" Name="motherboard.bgn"/>
  <File Type="BG-DRC" Name="motherboard.drc"/>
  <File Type="RDI-RDI" Name="motherboard.vdi"/>
  <File Type="WBT-USG" Name="usage_statistics_webtalk.html"/>
  <FileSet Name="sources" Type="DesignSrcs" RelSrcDir="$PSRCDIR/sources_1" RelGenDir="$PGENDIR/sources_1">
    <Filter Type="Srcs"/>
    <File Path="$PSRCDIR/sources_1/new/cpu.v">
      <FileInfo>
        <Attr Name="UsedIn" Val="synthesis"/>
        <Attr Name="UsedIn" Val="implementation"/>
        <Attr Name="UsedIn" Val="simulation"/>
      </FileInfo>
    </File>
    <File Path="$PSRCDIR/sources_1/new/io.v">
      <FileInfo>
        <Attr Name="UsedIn" Val="synthesis"/>
        <Attr Name="UsedIn" Val="implementation"/>
        <Attr Name="UsedIn" Val="simulation"/>
      </FileInfo>
    </File>
    <File Path="$PSRCDIR/sources_1/new/motherboard.v">
      <FileInfo>
        <Attr Name="UsedIn" Val="synthesis"/>
        <Attr Name="UsedIn" Val="implementation"/>
        <Attr Name="UsedIn" Val="simulation"/>
      </FileInfo>
    </File>
    <File Path="$PSRCDIR/sources_1/text.coe">
      <FileInfo>
        <Attr Name="UsedIn" Val="synthesis"/>
        <Attr Name="UsedIn" Val="simulation"/>
      </FileInfo>
    </File>
    <File Path="$PSRCDIR/sources_1/ip/data.coe">
      <FileInfo>
        <Attr Name="UsedIn" Val="synthesis"/>
        <Attr Name="UsedIn" Val="simulation"/>
      </FileInfo>
    </File>
    <Config>
      <Option Name="DesignMode" Val="RTL"/>
      <Option Name="TopModule" Val="motherboard"/>
    </Config>
  </FileSet>
  <FileSet Name="constrs_in" Type="Constrs" RelSrcDir="$PSRCDIR/constrs_1">
    <Filter Type="Constrs"/>
    <File Path="$PSRCDIR/constrs_1/new/xdc.xdc">
      <FileInfo>
        <Attr Name="UsedIn" Val="synthesis"/>
        <Attr Name="UsedIn" Val="implementation"/>
      </FileInfo>
    </File>
    <Config>
      <Option Name="ConstrsType" Val="XDC"/>
    </Config>
  </FileSet>
  <FileSet Name="utils" Type="Utils" RelSrcDir="$PSRCDIR/utils_1">
    <Filter Type="Utils"/>
    <File Path="$PSRCDIR/utils_1/imports/synth_1/cpu.dcp">
      <FileInfo>
        <Attr Name="UsedIn" Val="synthesis"/>
        <Attr Name="UsedIn" Val="implementation"/>
        <Attr Name="UsedInSteps" Val="synth_1"/>
        <Attr Name="AutoDcp" Val="1"/>
      </FileInfo>
    </File>
    <Config>
      <Option Name="TopAutoSet" Val="TRUE"/>
    </Config>
  </FileSet>
  <Strategy Version="1" Minor="2">
    <StratHandle Name="Vivado Implementation Defaults" Flow="Vivado Implementation 2021"/>
    <Step Id="init_design"/>
    <Step Id="opt_design"/>
    <Step Id="power_opt_design"/>
    <Step Id="place_design"/>
    <Step Id="post_place_power_opt_design"/>
    <Step Id="phys_opt_design"/>
    <Step Id="route_design"/>
    <Step Id="post_route_phys_opt_design"/>
    <Step Id="write_bitstream"/>
  </Strategy>
  <BlockFileSet Type="BlockSrcs" Name="instruction_mem"/>
  <BlockFileSet Type="BlockSrcs" Name="data_mem"/>
</GenRun>
